<!-- 
******************************************************************************************
*  Copyright (c) 2023 Yang Haodong, All Rights Reserved                                  *
*                                                                                        *
*  @brief    move base module parameter configure.                                       *
*  @author   Haodong Yang,                                                               *
*  @version  1.0.0                                                                       *
*  @date     2022.06.30                                                                  *
*  @license  GNU General Public License (GPL)                                            *
******************************************************************************************
-->

<launch>
    <arg name="agent_number" default="1" />
    <arg name="agent_id" default="1" />

    <!-- robot's namespace -->
    <arg name="robot_namespace" />
    <!-- whether use namespace or not -->
    <arg name="start_ns" default="false" />
    <!-- robot's type -->
    <arg name="robot" default="turtlebot3_waffle" />
    <!-- global path planner name -->
    <arg name="global_planner" default="astar" />
    <!-- local planner name -->
    <arg name="local_planner" default="dwa" />

    <!-- move base module -->
    <!-- launch-prefix="xterm -e gdb -ex run - -args" -->
    <node pkg="move_base" type="move_base" respawn="false" name="move_base" output="screen">
        <!-- global planner plugin -->
        <param name="base_global_planner" value="path_planner/PathPlanner" />
        <param name="PathPlanner/planner_name" value="$(arg global_planner)" />

        <!-- local planner plugin -->
        <param name="base_local_planner" value="dwa_controller/DWAController" if="$(eval arg('local_planner')=='dwa')" />
        <param name="base_local_planner" value="pid_controller/PIDController" if="$(eval arg('local_planner')=='pid')" />
        <param name="base_local_planner" value="apf_controller/APFController" if="$(eval arg('local_planner')=='apf')" />
        <param name="base_local_planner" value="rpp_controller/RPPController" if="$(eval arg('local_planner')=='rpp')" />
        <param name="base_local_planner" value="lqr_controller/LQRController" if="$(eval arg('local_planner')=='lqr')" />
        <param name="base_local_planner" value="mpc_controller/MPCController" if="$(eval arg('local_planner')=='mpc')" />
        <param name="base_local_planner" value="static_controller/StaticController" if="$(eval arg('local_planner')=='static')" />
        <param name="base_local_planner" value="orca_controller/ORCAController" if="$(eval arg('local_planner')=='orca')" />
        <param name="ORCAController/agent_number" value="$(arg agent_number)" if="$(eval arg('local_planner')=='orca')" />
        <param name="ORCAController/agent_id" value="$(arg agent_id)" if="$(eval arg('local_planner')=='orca')" />

        <!-- loading navigation parameters -->
        <rosparam file="$(eval find('sim_env') + '/config/robots/' + arg('robot') + '/global_costmap_params_' + arg('robot') + '.yaml')"
            command="load" ns="global_costmap" />
        <rosparam file="$(eval find('sim_env') + '/config/robots/' + arg('robot') + '/local_costmap_params_' + arg('robot') + '.yaml')"
            command="load" ns="local_costmap" />

        <rosparam file="$(find sim_env)/config/costmap/local_costmap_plugins.yaml" command="load" />
        <rosparam file="$(find sim_env)/config/costmap/global_costmap_plugins.yaml" command="load" />
        <rosparam file="$(find sim_env)/config/move_base_params.yaml" command="load" />

        <!-- set coordinate transformation namespace -->
        <param name="global_costmap/scan/sensor_frame" value="$(arg robot_namespace)/base_scan" if="$(arg start_ns)" />
        <param name="global_costmap/scan/topic" value="/$(arg robot_namespace)/scan" if="$(arg start_ns)" />
        <param name="global_costmap/obstacle_layer/scan/sensor_frame" value="$(arg robot_namespace)/base_footprint" if="$(arg start_ns)" />
        <param name="global_costmap/obstacle_layer/scan/topic" value="/$(arg robot_namespace)/scan" if="$(arg start_ns)" />
        <param name="global_costmap/global_frame" value="map" />
        <param name="global_costmap/robot_base_frame" value="$(arg robot_namespace)/base_footprint" if="$(arg start_ns)" />

        <param name="local_costmap/scan/sensor_frame" value="$(arg robot_namespace)/base_scan" if="$(arg start_ns)" />
        <param name="local_costmap/scan/topic" value="/$(arg robot_namespace)/scan" if="$(arg start_ns)" />
        <param name="local_costmap/global_frame" value="$(arg robot_namespace)/odom" if="$(arg start_ns)" />
        <param name="local_costmap/robot_base_frame" value="$(arg robot_namespace)/base_footprint" if="$(arg start_ns)" />

        <!-- centralize map -->
        <remap from="map" to="/map" />
    </node>
</launch>